<?xml version="1.0" encoding="utf-8"?>

<selector xmlns:android="http://schemas.android.com/apk/res/android">
    <!-- the pressed state; increase x and y size to 150% -->
    <item android:state_pressed="true">
        <set>
            <objectAnimator
                android:duration="@android:integer/config_shortAnimTime"
                android:propertyName="scaleX"
                android:valueTo="1.525"
                android:valueType="floatType" />
            <objectAnimator
                android:duration="@android:integer/config_shortAnimTime"
                android:propertyName="scaleY"
                android:valueTo="1.525"
                android:valueType="floatType" />

            <objectAnimator
                android:duration="@android:integer/config_shortAnimTime"
                android:propertyName="translationZ"
                android:valueTo="4dp"
                android:valueType="floatType" />
        </set>
    </item>
    <!-- the default, non-pressed state; set x and y size to 100% -->
    <item android:state_pressed="false">
        <set>
            <objectAnimator
                android:duration="@android:integer/config_shortAnimTime"
                android:propertyName="scaleX"
                android:valueTo="1.0"
                android:startOffset="@android:integer/config_shortAnimTime"
                android:valueType="floatType" />

            <objectAnimator
                android:duration="@android:integer/config_shortAnimTime"
                android:propertyName="scaleY"
                android:startOffset="@android:integer/config_shortAnimTime"
                android:valueTo="1.0"
                android:valueType="floatType" />

            <objectAnimator
                android:duration="@android:integer/config_shortAnimTime"
                android:propertyName="translationZ"
                android:startOffset="@android:integer/config_shortAnimTime"
                android:valueTo="0dp"
                android:valueType="floatType" />
        </set>
    </item>
</selector>